benchmark;queries;location;timestamp;change size;classes;methods;fields;instructions;warmup iterations;measure iterations;results#;times(ms)
ASM-database-replay-time;IMSE_DONT_CATCH_IMSE;test-data/src/main/resources/vespucci_developer_changes;1000000000000;381;0;0;0;0;5;5;0;62.101169;62.109319;66.08752;70.902172;70.386295
ASM-database-replay-time;IMSE_DONT_CATCH_IMSE;test-data/src/main/resources/vespucci_developer_changes;1310221951171;1;0;0;0;0;5;5;0;11.725112;13.486763;15.690032;29.808585;20.937249
ASM-database-replay-time;IMSE_DONT_CATCH_IMSE;test-data/src/main/resources/vespucci_developer_changes;1310222092902;1;0;0;0;0;5;5;0;11.863968;13.478612;15.852432;19.934473;21.519836
ASM-database-replay-time;IMSE_DONT_CATCH_IMSE;test-data/src/main/resources/vespucci_developer_changes;1310222106662;1;0;0;0;0;5;5;0;11.889324;13.629843;15.691541;21.302799;21.131646
ASM-database-replay-time;IMSE_DONT_CATCH_IMSE;test-data/src/main/resources/vespucci_developer_changes;1310222149889;1;0;0;0;0;5;5;0;11.719076;13.509703;15.982231;21.236692;21.175717
ASM-database-replay-time;IMSE_DONT_CATCH_IMSE;test-data/src/main/resources/vespucci_developer_changes;1310222179578;1;0;0;0;0;5;5;0;11.732659;13.496724;15.804738;23.778648;21.188696
ASM-database-replay-time;IMSE_DONT_CATCH_IMSE;test-data/src/main/resources/vespucci_developer_changes;1310222213509;1;0;0;0;0;5;5;0;11.861251;13.564943;15.903446;21.959947;22.716104
ASM-database-replay-time;IMSE_DONT_CATCH_IMSE;test-data/src/main/resources/vespucci_developer_changes;1310222304386;1;0;0;0;0;5;5;0;11.739602;13.594224;16.390043;19.54115;21.492065
ASM-database-replay-time;IMSE_DONT_CATCH_IMSE;test-data/src/main/resources/vespucci_developer_changes;1310222423742;1;0;0;0;0;5;5;0;11.7556;13.7041;15.777571;30.447319;21.096026
ASM-database-replay-time;IMSE_DONT_CATCH_IMSE;test-data/src/main/resources/vespucci_developer_changes;1310222923223;2;0;0;0;0;5;5;0;12.038745;13.442389;17.026362;25.255644;21.224317
ASM-database-replay-time;IMSE_DONT_CATCH_IMSE;test-data/src/main/resources/vespucci_developer_changes;1310222981150;1;0;0;0;0;5;5;0;11.911058;13.497931;18.964901;30.230584;21.367397
ASM-database-replay-time;IMSE_DONT_CATCH_IMSE;test-data/src/main/resources/vespucci_developer_changes;1310222996331;1;0;0;0;0;5;5;0;11.916491;13.827259;16.051961;21.96206;21.328458
ASM-database-replay-time;IMSE_DONT_CATCH_IMSE;test-data/src/main/resources/vespucci_developer_changes;1310223075397;2;0;0;0;0;5;5;0;11.806615;13.540795;18.052079;19.511266;21.428373
ASM-database-replay-time;IMSE_DONT_CATCH_IMSE;test-data/src/main/resources/vespucci_developer_changes;1310223264428;1;0;0;0;0;5;5;0;11.896267;13.799186;17.547975;18.76175;21.952401
ASM-database-replay-time;IMSE_DONT_CATCH_IMSE;test-data/src/main/resources/vespucci_developer_changes;1310223278906;1;0;0;0;0;5;5;0;11.870609;13.661538;16.661414;18.912076;21.973531
ASM-database-replay-time;IMSE_DONT_CATCH_IMSE;test-data/src/main/resources/vespucci_developer_changes;1310223301926;1;0;0;0;0;5;5;0;12.026368;13.63256;16.428681;20.619693;21.64058
ASM-database-replay-time;IMSE_DONT_CATCH_IMSE;test-data/src/main/resources/vespucci_developer_changes;1310223362589;1;0;0;0;0;5;5;0;11.581729;13.426994;16.137991;19.944736;21.71031
ASM-database-replay-time;IMSE_DONT_CATCH_IMSE;test-data/src/main/resources/vespucci_developer_changes;1310223373963;1;0;0;0;0;5;5;0;11.514717;13.364207;16.228549;19.6628;22.039638
ASM-database-replay-time;IMSE_DONT_CATCH_IMSE;test-data/src/main/resources/vespucci_developer_changes;1310223406593;4;0;0;0;0;5;5;0;12.542246;17.259699;16.914071;21.053464;22.279012
ASM-database-replay-time;IMSE_DONT_CATCH_IMSE;test-data/src/main/resources/vespucci_developer_changes;1310223448351;1;0;0;0;0;5;5;0;11.568749;13.406769;16.352915;22.763798;21.253597
ASM-database-replay-time;IMSE_DONT_CATCH_IMSE;test-data/src/main/resources/vespucci_developer_changes;1310223479052;1;0;0;0;0;5;5;0;11.690399;13.392884;21.727817;21.435618;21.207111
ASM-database-replay-time;IMSE_DONT_CATCH_IMSE;test-data/src/main/resources/vespucci_developer_changes;1310223631475;1;0;0;0;0;5;5;0;11.86759;13.907856;16.739898;21.307931;22.328215
ASM-database-replay-time;IMSE_DONT_CATCH_IMSE;test-data/src/main/resources/vespucci_developer_changes;1310223644402;1;0;0;0;0;5;5;0;11.865779;13.599959;15.769421;19.487721;21.605564
ASM-database-replay-time;IMSE_DONT_CATCH_IMSE;test-data/src/main/resources/vespucci_developer_changes;1310223711927;1;0;0;0;0;5;5;0;11.840121;13.689008;16.346273;19.892212;21.704574
ASM-database-replay-time;IMSE_DONT_CATCH_IMSE;test-data/src/main/resources/vespucci_developer_changes;1310223723884;1;0;0;0;0;5;5;0;11.879664;13.669991;17.324599;19.519115;21.734458
ASM-database-replay-time;IMSE_DONT_CATCH_IMSE;test-data/src/main/resources/vespucci_developer_changes;1310223735942;1;0;0;0;0;5;5;0;12.076779;13.689611;17.533183;19.272193;22.128988
ASM-database-replay-time;IMSE_DONT_CATCH_IMSE;test-data/src/main/resources/vespucci_developer_changes;1310224044114;1;0;0;0;0;5;5;0;11.905625;13.791338;16.687374;18.347297;23.41189
ASM-database-replay-time;IMSE_DONT_CATCH_IMSE;test-data/src/main/resources/vespucci_developer_changes;1310224098938;1;0;0;0;0;5;5;0;11.597426;13.35002;16.020265;21.351701;23.996288
ASM-database-replay-time;IMSE_DONT_CATCH_IMSE;test-data/src/main/resources/vespucci_developer_changes;1310224649323;4;0;0;0;0;5;5;0;12.522625;14.365173;16.788798;19.660989;22.687729
ASM-database-replay-time;IMSE_DONT_CATCH_IMSE;test-data/src/main/resources/vespucci_developer_changes;1310224673965;1;0;0;0;0;5;5;0;11.707303;13.337342;15.984344;20.496836;22.544346
ASM-database-replay-time;IMSE_DONT_CATCH_IMSE;test-data/src/main/resources/vespucci_developer_changes;1310224729809;1;0;0;0;0;5;5;0;11.572976;13.334022;15.885637;18.71617;22.358099
ASM-database-replay-time;IMSE_DONT_CATCH_IMSE;test-data/src/main/resources/vespucci_developer_changes;1310224732796;1;0;0;0;0;5;5;0;11.903813;13.760548;15.854243;18.979994;21.694009
ASM-database-replay-time;IMSE_DONT_CATCH_IMSE;test-data/src/main/resources/vespucci_developer_changes;1310224741924;1;0;0;0;0;5;5;0;12.084627;13.671198;16.25964;18.550146;21.736571
ASM-database-replay-time;IMSE_DONT_CATCH_IMSE;test-data/src/main/resources/vespucci_developer_changes;1310225636007;1;0;0;0;0;5;5;0;11.952715;13.760549;16.12652;19.329245;21.703065
ASM-database-replay-time;IMSE_DONT_CATCH_IMSE;test-data/src/main/resources/vespucci_developer_changes;1310225677872;1;0;0;0;0;5;5;0;11.971128;13.928684;15.965931;20.125549;22.646978
ASM-database-replay-time;IMSE_DONT_CATCH_IMSE;test-data/src/main/resources/vespucci_developer_changes;1310225697513;1;0;0;0;0;5;5;0;11.975051;13.500648;15.680071;19.150242;21.695216
ASM-database-replay-time;IMSE_DONT_CATCH_IMSE;test-data/src/main/resources/vespucci_developer_changes;1310227344553;1;0;0;0;0;5;5;0;12.313436;14.082028;16.279261;19.095304;22.026054
ASM-database-replay-time;IMSE_DONT_CATCH_IMSE;test-data/src/main/resources/vespucci_developer_changes;1310228718311;5;0;0;0;0;5;5;0;13.146265;14.602434;17.593253;19.79773;22.593247
ASM-database-replay-time;IMSE_DONT_CATCH_IMSE;test-data/src/main/resources/vespucci_developer_changes;1310230255397;2;0;0;0;0;5;5;0;12.09157;14.095009;16.673187;19.169561;21.95723
ASM-database-replay-time;IMSE_DONT_CATCH_IMSE;test-data/src/main/resources/vespucci_developer_changes;1310230314665;2;0;0;0;0;5;5;0;12.051724;14.033731;17.028173;19.261025;21.905613
ASM-database-replay-time;IMSE_DONT_CATCH_IMSE;test-data/src/main/resources/vespucci_developer_changes;1310230352247;2;0;0;0;0;5;5;0;12.238575;14.068143;16.775517;19.074778;21.941534
ASM-database-replay-time;IMSE_DONT_CATCH_IMSE;test-data/src/main/resources/vespucci_developer_changes;1310230685202;2;0;0;0;0;5;5;0;12.311323;13.994791;20.310891;19.185258;22.138044
ASM-database-replay-time;IMSE_DONT_CATCH_IMSE;test-data/src/main/resources/vespucci_developer_changes;1310240745032;2;0;0;0;0;5;5;0;12.180014;13.963398;16.693713;19.025273;21.942741
ASM-database-replay-time;IMSE_DONT_CATCH_IMSE;test-data/src/main/resources/vespucci_developer_changes;1310249426887;1;0;0;0;0;5;5;0;11.774316;13.538682;15.914615;18.649458;21.473652
ASM-database-replay-time;IMSE_DONT_CATCH_IMSE;test-data/src/main/resources/vespucci_developer_changes;1310249732142;1;0;0;0;0;5;5;0;12.026972;13.798583;16.632134;20.424993;23.084372
ASM-database-replay-time;IMSE_DONT_CATCH_IMSE;test-data/src/main/resources/vespucci_developer_changes;1310306839709;1;0;0;0;0;5;5;0;11.651157;13.488875;15.635395;19.563488;22.084614
ASM-database-replay-time;IMSE_DONT_CATCH_IMSE;test-data/src/main/resources/vespucci_developer_changes;1310307286638;1;0;0;0;0;5;5;0;11.683758;13.538984;16.31156;20.255952;21.510177
ASM-database-replay-time;IMSE_DONT_CATCH_IMSE;test-data/src/main/resources/vespucci_developer_changes;1310307378392;1;0;0;0;0;5;5;0;11.643309;13.7527;15.857865;20.365527;22.052618
ASM-database-replay-time;IMSE_DONT_CATCH_IMSE;test-data/src/main/resources/vespucci_developer_changes;1310309715532;1;0;0;0;0;5;5;0;11.596219;13.374773;17.07798;19.175599;23.794042
ASM-database-replay-time;IMSE_DONT_CATCH_IMSE;test-data/src/main/resources/vespucci_developer_changes;1310309789725;1;0;0;0;0;5;5;0;11.633951;13.500044;16.256923;20.27014;22.225583
ASM-database-replay-time;IMSE_DONT_CATCH_IMSE;test-data/src/main/resources/vespucci_developer_changes;1310309853171;1;0;0;0;0;5;5;0;11.69221;13.482235;16.299485;18.94679;23.159233
ASM-database-replay-time;IMSE_DONT_CATCH_IMSE;test-data/src/main/resources/vespucci_developer_changes;1310309883606;2;0;0;0;0;5;5;0;11.680437;13.789225;16.63636;25.551164;22.18936
ASM-database-replay-time;IMSE_DONT_CATCH_IMSE;test-data/src/main/resources/vespucci_developer_changes;1310309939885;1;0;0;0;0;5;5;0;11.678324;13.506987;17.023343;19.530585;22.215018
ASM-database-replay-time;IMSE_DONT_CATCH_IMSE;test-data/src/main/resources/vespucci_developer_changes;1310309957625;1;0;0;0;0;5;5;0;11.672287;13.489781;16.307635;25.966523;23.234094
ASM-database-replay-time;IMSE_DONT_CATCH_IMSE;test-data/src/main/resources/vespucci_developer_changes;1310311769813;1;0;0;0;0;5;5;0;11.81567;13.530532;20.747681;23.818494;24.064207
ASM-database-replay-time;IMSE_DONT_CATCH_IMSE;test-data/src/main/resources/vespucci_developer_changes;1310314534394;1;0;0;0;0;5;5;0;11.811445;13.592413;16.481808;20.506797;21.588358
ASM-database-replay-time;IMSE_DONT_CATCH_IMSE;test-data/src/main/resources/vespucci_developer_changes;1310314617198;1;0;0;0;0;5;5;0;11.696436;13.482235;16.692204;22.228904;23.789817
ASM-database-replay-time;IMSE_DONT_CATCH_IMSE;test-data/src/main/resources/vespucci_developer_changes;1310314693467;1;0;0;0;0;5;5;0;11.685268;13.532645;16.264771;20.970453;21.849768
ASM-database-replay-time;IMSE_DONT_CATCH_IMSE;test-data/src/main/resources/vespucci_developer_changes;1310315418977;2;0;0;0;0;5;5;0;11.750469;13.537776;15.981326;21.304611;21.630015
ASM-database-replay-time;IMSE_DONT_CATCH_IMSE;test-data/src/main/resources/vespucci_developer_changes;1310315502734;1;0;0;0;0;5;5;0;11.72632;13.604789;16.751671;20.830994;22.415754
ASM-database-replay-time;IMSE_DONT_CATCH_IMSE;test-data/src/main/resources/vespucci_developer_changes;1310315789260;1;0;0;0;0;5;5;0;11.766166;13.541701;16.31005;24.417684;21.719064
ASM-database-replay-time;IMSE_DONT_CATCH_IMSE;test-data/src/main/resources/vespucci_developer_changes;1310315960751;1;0;0;0;0;5;5;0;11.706095;13.518457;15.751611;20.498043;21.896557
ASM-database-replay-time;IMSE_DONT_CATCH_IMSE;test-data/src/main/resources/vespucci_developer_changes;1310316070107;1;0;0;0;0;5;5;0;11.772202;13.599356;15.686409;19.369091;23.061129
ASM-database-replay-time;IMSE_DONT_CATCH_IMSE;test-data/src/main/resources/vespucci_developer_changes;1310316081620;1;0;0;0;0;5;5;0;11.754091;13.567962;16.490562;18.552864;21.732647
ASM-database-replay-time;IMSE_DONT_CATCH_IMSE;test-data/src/main/resources/vespucci_developer_changes;1310316346508;1;0;0;0;0;5;5;0;11.76043;13.815789;19.437612;19.391126;21.49116
ASM-database-replay-time;IMSE_DONT_CATCH_IMSE;test-data/src/main/resources/vespucci_developer_changes;1310316596998;2;0;0;0;0;5;5;0;12.435085;14.480181;16.943955;20.009032;23.370534
ASM-database-replay-time;IMSE_DONT_CATCH_IMSE;test-data/src/main/resources/vespucci_developer_changes;1310316881025;2;0;0;0;0;5;5;0;12.462856;14.310536;17.134427;19.329245;22.263014
ASM-database-replay-time;IMSE_DONT_CATCH_IMSE;test-data/src/main/resources/vespucci_developer_changes;1310317147910;1;0;0;0;0;5;5;0;11.860043;13.551964;15.722934;18.947091;21.669558
ASM-database-replay-time;IMSE_DONT_CATCH_IMSE;test-data/src/main/resources/vespucci_developer_changes;1310317308942;1;0;0;0;0;5;5;0;11.866684;13.669085;16.395477;18.776843;22.803945
ASM-database-replay-time;IMSE_DONT_CATCH_IMSE;test-data/src/main/resources/vespucci_developer_changes;1310317746117;1;0;0;0;0;5;5;0;11.763449;13.786509;15.893485;19.592164;22.79821
ASM-database-replay-time;IMSE_DONT_CATCH_IMSE;test-data/src/main/resources/vespucci_developer_changes;1310317750985;1;0;0;0;0;5;5;0;11.866383;13.859558;16.509881;19.076287;21.892935
ASM-database-replay-time;IMSE_DONT_CATCH_IMSE;test-data/src/main/resources/vespucci_developer_changes;1310317756959;1;0;0;0;0;5;5;0;11.781561;13.818808;17.516279;19.423727;21.652353
ASM-database-replay-time;IMSE_DONT_CATCH_IMSE;test-data/src/main/resources/vespucci_developer_changes;1310317831231;1;0;0;0;0;5;5;0;11.889022;13.666972;16.506259;19.414973;21.891727
ASM-database-replay-time;IMSE_DONT_CATCH_IMSE;test-data/src/main/resources/vespucci_developer_changes;1310317840576;1;0;0;0;0;5;5;0;11.846159;13.741229;16.582025;18.716471;23.369025
ASM-database-replay-time;IMSE_DONT_CATCH_IMSE;test-data/src/main/resources/vespucci_developer_changes;1310317857034;1;0;0;0;0;5;5;0;12.043272;13.768397;16.786686;19.953792;22.830508
ASM-database-replay-time;IMSE_DONT_CATCH_IMSE;test-data/src/main/resources/vespucci_developer_changes;1310317908139;1;0;0;0;0;5;5;0;12.130207;14.014412;16.380082;20.054914;22.685616
ASM-database-replay-time;IMSE_DONT_CATCH_IMSE;test-data/src/main/resources/vespucci_developer_changes;1310317914317;1;0;0;0;0;5;5;0;11.946979;13.68116;17.890887;18.775635;21.859126
ASM-database-replay-time;IMSE_DONT_CATCH_IMSE;test-data/src/main/resources/vespucci_developer_changes;1310317926844;1;0;0;0;0;5;5;0;11.856723;13.735796;16.418418;19.03614;22.067408
ASM-database-replay-time;IMSE_DONT_CATCH_IMSE;test-data/src/main/resources/vespucci_developer_changes;1310317939558;1;0;0;0;0;5;5;0;11.843744;13.752096;16.937314;19.81886;22.727877
ASM-database-replay-time;IMSE_DONT_CATCH_IMSE;test-data/src/main/resources/vespucci_developer_changes;1310317954159;1;0;0;0;0;5;5;0;11.828046;13.707119;17.43538;18.603274;22.544648
ASM-database-replay-time;IMSE_DONT_CATCH_IMSE;test-data/src/main/resources/vespucci_developer_changes;1310317999134;1;0;0;0;0;5;5;0;11.908039;14.782945;17.832326;18.843252;22.088539
ASM-database-replay-time;IMSE_DONT_CATCH_IMSE;test-data/src/main/resources/vespucci_developer_changes;1310318123460;1;0;0;0;0;5;5;0;11.925547;14.109196;16.838907;22.573627;21.978662
ASM-database-replay-time;IMSE_DONT_CATCH_IMSE;test-data/src/main/resources/vespucci_developer_changes;1310318486441;1;0;0;0;0;5;5;0;12.29774;14.300574;17.280528;20.483554;22.455599
ASM-database-replay-time;IMSE_DONT_CATCH_IMSE;test-data/src/main/resources/vespucci_developer_changes;1310318508843;1;0;0;0;0;5;5;0;11.82865;13.816694;17.0976;20.335945;21.958136
ASM-database-replay-time;IMSE_DONT_CATCH_IMSE;test-data/src/main/resources/vespucci_developer_changes;1310318742251;1;0;0;0;0;5;5;0;11.943357;13.84688;20.1663;19.001426;22.137138
ASM-database-replay-time;IMSE_DONT_CATCH_IMSE;test-data/src/main/resources/vespucci_developer_changes;1310319184009;1;0;0;0;0;5;5;0;11.906529;13.995093;21.56904;19.323208;22.440506
ASM-database-replay-time;IMSE_DONT_CATCH_IMSE;test-data/src/main/resources/vespucci_developer_changes;1310319192058;1;0;0;0;0;5;5;0;12.234047;13.882197;18.658514;19.120962;23.515728
ASM-database-replay-time;IMSE_DONT_CATCH_IMSE;test-data/src/main/resources/vespucci_developer_changes;1310319211449;1;0;0;0;0;5;5;0;11.959657;14.569531;21.021467;19.075079;22.108764
ASM-database-replay-time;IMSE_DONT_CATCH_IMSE;test-data/src/main/resources/vespucci_developer_changes;1310319225208;1;0;0;0;0;5;5;0;11.913775;13.812166;17.14288;20.281006;22.5368
ASM-database-replay-time;IMSE_DONT_CATCH_IMSE;test-data/src/main/resources/vespucci_developer_changes;1310319232119;1;0;0;0;0;5;5;0;11.920114;14.109195;16.226435;18.990559;22.553402
ASM-database-replay-time;IMSE_DONT_CATCH_IMSE;test-data/src/main/resources/vespucci_developer_changes;1310319241666;1;0;0;0;0;5;5;0;11.950903;14.558966;18.249495;19.089267;22.747195
ASM-database-replay-time;IMSE_DONT_CATCH_IMSE;test-data/src/main/resources/vespucci_developer_changes;1310319507850;2;0;0;0;0;5;5;0;12.635822;14.662201;17.774973;19.330755;23.622285
ASM-database-replay-time;IMSE_DONT_CATCH_IMSE;test-data/src/main/resources/vespucci_developer_changes;1310319517210;2;0;0;0;0;5;5;0;12.543754;14.769965;19.019236;19.647707;23.294466
ASM-database-replay-time;IMSE_DONT_CATCH_IMSE;test-data/src/main/resources/vespucci_developer_changes;1310319751594;2;0;0;0;0;5;5;0;12.53168;14.478973;17.58933;20.46997;22.824472
ASM-database-replay-time;IMSE_DONT_CATCH_IMSE;test-data/src/main/resources/vespucci_developer_changes;1310319942920;1;0;0;0;0;5;5;0;12.025765;13.874651;16.072185;19.742188;22.257278
ASM-database-replay-time;IMSE_DONT_CATCH_IMSE;test-data/src/main/resources/vespucci_developer_changes;1310319952140;2;0;0;0;0;5;5;0;12.571828;17.08613;17.303771;20.855747;22.758666
ASM-database-replay-time;IMSE_DONT_CATCH_IMSE;test-data/src/main/resources/vespucci_developer_changes;1310320267372;1;0;0;0;0;5;5;0;11.980787;14.605151;17.008854;20.453972;22.297123
ASM-database-replay-time;IMSE_DONT_CATCH_IMSE;test-data/src/main/resources/vespucci_developer_changes;1310320534059;1;0;0;0;0;5;5;0;11.963883;15.772137;16.849472;19.846631;23.221416
ASM-database-replay-time;IMSE_DONT_CATCH_IMSE;test-data/src/main/resources/vespucci_developer_changes;1310334784697;1;0;0;0;0;5;5;0;12.102738;14.155984;16.343859;20.706628;22.154948
ASM-database-replay-time;IMSE_DONT_CATCH_IMSE;test-data/src/main/resources/vespucci_developer_changes;1310336213850;1;0;0;0;0;5;5;0;12.05112;15.671316;16.440152;19.653139;27.92106
ASM-database-replay-time;IMSE_DONT_CATCH_IMSE;test-data/src/main/resources/vespucci_developer_changes;1310336641508;1;0;0;0;0;5;5;0;12.134736;14.133948;16.719673;18.727036;22.274484
ASM-database-replay-time;IMSE_DONT_CATCH_IMSE;test-data/src/main/resources/vespucci_developer_changes;1310336676460;1;0;0;0;0;5;5;0;12.02516;14.187377;17.235852;18.862873;24.82459
ASM-database-replay-time;IMSE_DONT_CATCH_IMSE;test-data/src/main/resources/vespucci_developer_changes;1310336758529;1;0;0;0;0;5;5;0;12.08674;14.567418;16.880866;21.110817;24.050321
ASM-database-replay-time;IMSE_DONT_CATCH_IMSE;test-data/src/main/resources/vespucci_developer_changes;1310337083110;1;0;0;0;0;5;5;0;12.301965;16.079128;16.87664;19.279137;23.929577
ASM-database-replay-time;IMSE_DONT_CATCH_IMSE;test-data/src/main/resources/vespucci_developer_changes;1310337095199;1;0;0;0;0;5;5;0;12.055648;13.868615;19.433991;19.538735;22.534083
ASM-database-replay-time;IMSE_DONT_CATCH_IMSE;test-data/src/main/resources/vespucci_developer_changes;1310337259967;1;0;0;0;0;5;5;0;12.750227;14.59368;18.051174;19.574657;23.982403
ASM-database-replay-time;IMSE_DONT_CATCH_IMSE;test-data/src/main/resources/vespucci_developer_changes;1310337282717;1;0;0;0;0;5;5;0;12.180618;14.927536;17.134729;19.337093;22.958497
ASM-database-replay-time;IMSE_DONT_CATCH_IMSE;test-data/src/main/resources/vespucci_developer_changes;1310337449962;1;0;0;0;0;5;5;0;12.096701;14.007469;18.020384;18.96158;22.534988
ASM-database-replay-time;IMSE_DONT_CATCH_IMSE;test-data/src/main/resources/vespucci_developer_changes;1310337597244;1;0;0;0;0;5;5;0;12.283552;13.927174;17.874284;20.566263;23.011322
ASM-database-replay-time;IMSE_DONT_CATCH_IMSE;test-data/src/main/resources/vespucci_developer_changes;1310337614216;1;0;0;0;0;5;5;0;12.105757;14.007771;17.23706;20.545133;24.063905
ASM-database-replay-time;IMSE_DONT_CATCH_IMSE;test-data/src/main/resources/vespucci_developer_changes;1310337943178;1;0;0;0;0;5;5;0;12.160695;14.040674;17.122051;21.419921;22.40217
ASM-database-replay-time;IMSE_DONT_CATCH_IMSE;test-data/src/main/resources/vespucci_developer_changes;1310337963627;1;0;0;0;0;5;5;0;12.101833;14.075991;17.145597;19.073872;22.546459
ASM-database-replay-time;IMSE_DONT_CATCH_IMSE;test-data/src/main/resources/vespucci_developer_changes;1310337975487;1;0;0;0;0;5;5;0;12.254573;13.960681;16.898374;19.056666;23.54682
ASM-database-replay-time;IMSE_DONT_CATCH_IMSE;test-data/src/main/resources/vespucci_developer_changes;1310338047602;1;0;0;0;0;5;5;0;12.443538;15.708747;17.672039;19.43067;22.608944
ASM-database-replay-time;IMSE_DONT_CATCH_IMSE;test-data/src/main/resources/vespucci_developer_changes;1310338076253;1;0;0;0;0;5;5;0;13.189431;17.788556;16.96599;20.326587;22.475523
ASM-database-replay-time;IMSE_DONT_CATCH_IMSE;test-data/src/main/resources/vespucci_developer_changes;1310338107410;1;0;0;0;0;5;5;0;13.904535;14.480483;19.696306;19.785957;23.186702
ASM-database-replay-time;IMSE_DONT_CATCH_IMSE;test-data/src/main/resources/vespucci_developer_changes;1310338252967;1;0;0;0;0;5;5;0;12.181825;14.026788;16.4966;19.10919;22.597172
ASM-database-replay-time;IMSE_DONT_CATCH_IMSE;test-data/src/main/resources/vespucci_developer_changes;1310338755065;1;0;0;0;0;5;5;0;12.144696;17.939485;16.631531;19.75698;22.982646
ASM-database-replay-time;IMSE_DONT_CATCH_IMSE;test-data/src/main/resources/vespucci_developer_changes;1310340970832;26;0;0;0;0;5;5;0;18.095849;22.91352;25.809556;25.417139;29.696897
ASM-database-replay-time;IMSE_DONT_CATCH_IMSE;test-data/src/main/resources/vespucci_developer_changes;1310341089881;3;0;0;0;0;5;5;0;12.869159;14.844524;36.400282;20.436464;24.305996
ASM-database-replay-time;IMSE_DONT_CATCH_IMSE;test-data/src/main/resources/vespucci_developer_changes;1310341287613;42;0;0;0;0;5;5;0;21.80298;27.292288;51.246316;28.638277;31.99827
ASM-database-replay-time;IMSE_DONT_CATCH_IMSE;test-data/src/main/resources/vespucci_developer_changes;1310341291624;312;0;0;0;0;5;5;0;92.048307;93.933116;155.054147;99.633422;104.51388
ASM-database-replay-time;IMSE_DONT_CATCH_IMSE;test-data/src/main/resources/vespucci_developer_changes;1310341299778;29;0;0;0;0;5;5;0;19.015915;25.007818;25.516149;28.951004;30.821322
ASM-database-replay-time;IMSE_DONT_CATCH_IMSE;test-data/src/main/resources/vespucci_developer_changes;1310341371494;74;0;0;0;0;5;5;0;30.104407;33.528395;50.748852;37.96361;40.82614
ASM-database-replay-time;IMSE_DONT_CATCH_IMSE;test-data/src/main/resources/vespucci_developer_changes;1310341375450;279;0;0;0;0;5;5;0;82.70124;91.563823;96.985514;90.79046;92.110792
ASM-database-replay-time;IMSE_DONT_CATCH_IMSE;test-data/src/main/resources/vespucci_developer_changes;1310417935736;42;0;0;0;0;5;5;0;22.07254;23.988138;26.301888;36.539137;32.350842
ASM-database-replay-time;IMSE_DONT_CATCH_IMSE;test-data/src/main/resources/vespucci_developer_changes;1310417940207;305;0;0;0;0;5;5;0;91.404442;96.838207;96.354025;104.260922;103.634263
ASM-database-replay-time;IMSE_DONT_CATCH_IMSE;test-data/src/main/resources/vespucci_developer_changes;1310417942965;35;0;0;0;0;5;5;0;20.443105;25.952336;27.30406;33.466212;32.572105
ASM-database-replay-time;IMSE_DONT_CATCH_IMSE;test-data/src/main/resources/vespucci_developer_changes;1310509139453;14;0;0;0;0;5;5;0;18.535054;17.476132;20.64535;28.886104;27.031783
ASM-database-replay-time;IMSE_DONT_CATCH_IMSE;test-data/src/main/resources/vespucci_developer_changes;1310509600610;1;0;0;0;0;5;5;0;13.320438;14.474747;18.847779;24.522429;27.208672
ASM-database-replay-time;IMSE_DONT_CATCH_IMSE;test-data/src/main/resources/vespucci_developer_changes;1310510134584;5;0;0;0;0;5;5;0;13.774434;15.808662;19.496777;26.286795;25.731676
ASM-database-replay-time;IMSE_DONT_CATCH_IMSE;test-data/src/main/resources/vespucci_developer_changes;1310510137969;1;0;0;0;0;5;5;0;12.442933;14.36487;18.433931;25.035287;23.705296
ASM-database-replay-time;IMSE_DONT_CATCH_IMSE;test-data/src/main/resources/vespucci_developer_changes;1310510214830;6;0;0;0;0;5;5;0;13.929288;15.893485;18.187916;24.008966;24.698714
ASM-database-replay-time;IMSE_DONT_CATCH_IMSE;test-data/src/main/resources/vespucci_developer_changes;1310510224502;1;0;0;0;0;5;5;0;12.988695;14.556551;18.629838;23.46562;23.185193
ASM-database-replay-time;IMSE_DONT_CATCH_IMSE;test-data/src/main/resources/vespucci_developer_changes;1310510318929;1;0;0;0;0;5;5;0;12.947038;14.856599;21.909536;22.814812;23.525388
ASM-database-replay-time;IMSE_DONT_CATCH_IMSE;test-data/src/main/resources/vespucci_developer_changes;1310510362141;1;0;0;0;0;5;5;0;12.670536;19.598202;20.889253;20.865708;24.163216
ASM-database-replay-time;IMSE_DONT_CATCH_IMSE;test-data/src/main/resources/vespucci_developer_changes;1310510462028;6;0;0;0;0;5;5;0;14.407131;17.060774;19.050327;21.976549;24.833645
ASM-database-replay-time;IMSE_DONT_CATCH_IMSE;test-data/src/main/resources/vespucci_developer_changes;1310510496348;1;0;0;0;0;5;5;0;12.697401;18.462004;17.88817;20.965019;25.111356
ASM-database-replay-time;IMSE_DONT_CATCH_IMSE;test-data/src/main/resources/vespucci_developer_changes;1310510502510;1;0;0;0;0;5;5;0;12.798524;15.51284;17.68049;22.201736;24.039152
ASM-database-replay-time;IMSE_DONT_CATCH_IMSE;test-data/src/main/resources/vespucci_developer_changes;1310510546892;1;0;0;0;0;5;5;0;12.847726;15.210679;22.769231;20.42107;24.12971
ASM-database-replay-time;IMSE_DONT_CATCH_IMSE;test-data/src/main/resources/vespucci_developer_changes;1310510621336;1;0;0;0;0;5;5;0;12.882139;14.731328;17.010666;20.08027;29.143288
ASM-database-replay-time;IMSE_DONT_CATCH_IMSE;test-data/src/main/resources/vespucci_developer_changes;1310510719117;1;0;0;0;0;5;5;0;12.864027;14.797133;16.928257;20.197694;25.373068
ASM-database-replay-time;IMSE_DONT_CATCH_IMSE;test-data/src/main/resources/vespucci_developer_changes;1310510750286;1;0;0;0;0;5;5;0;12.75898;16.291335;16.802081;20.309684;26.19171
ASM-database-replay-time;IMSE_DONT_CATCH_IMSE;test-data/src/main/resources/vespucci_developer_changes;1310510846023;1;0;0;0;0;5;5;0;12.717927;14.835468;17.00161;19.967979;23.43634
ASM-database-replay-time;IMSE_DONT_CATCH_IMSE;test-data/src/main/resources/vespucci_developer_changes;1310511024144;1;0;0;0;0;5;5;0;12.747812;15.585588;17.968766;20.028652;23.261261
ASM-database-replay-time;IMSE_DONT_CATCH_IMSE;test-data/src/main/resources/vespucci_developer_changes;1310511162204;2;0;0;0;0;5;5;0;12.621332;15.485069;17.026664;19.939604;24.561369
ASM-database-replay-time;IMSE_DONT_CATCH_IMSE;test-data/src/main/resources/vespucci_developer_changes;1310512091030;1;0;0;0;0;5;5;0;12.394938;14.319893;17.663889;23.823021;25.802613
ASM-database-replay-time;IMSE_DONT_CATCH_IMSE;test-data/src/main/resources/vespucci_developer_changes;1310512112246;1;0;0;0;0;5;5;0;12.413049;14.504631;16.833776;20.981018;25.403254
ASM-database-replay-time;IMSE_DONT_CATCH_IMSE;test-data/src/main/resources/vespucci_developer_changes;1310512454496;1;0;0;0;0;5;5;0;12.419086;14.315365;17.312524;21.38551;23.893656
ASM-database-replay-time;IMSE_DONT_CATCH_IMSE;test-data/src/main/resources/vespucci_developer_changes;1310512463591;1;0;0;0;0;5;5;0;12.422105;15.882014;18.022799;21.511988;23.484637
ASM-database-replay-time;IMSE_DONT_CATCH_IMSE;test-data/src/main/resources/vespucci_developer_changes;1310512560202;1;0;0;0;0;5;5;0;12.839577;15.40085;17.113901;20.785716;25.500452
ASM-database-replay-time;IMSE_DONT_CATCH_IMSE;test-data/src/main/resources/vespucci_developer_changes;1310512613039;1;0;0;0;0;5;5;0;12.884251;15.842772;18.451137;20.066687;25.506187
ASM-database-replay-time;IMSE_DONT_CATCH_IMSE;test-data/src/main/resources/vespucci_developer_changes;1310512624958;1;0;0;0;0;5;5;0;12.848632;14.659485;17.122051;21.876332;24.313844
ASM-database-replay-time;IMSE_DONT_CATCH_IMSE;test-data/src/main/resources/vespucci_developer_changes;1310512706249;1;0;0;0;0;5;5;0;12.92138;14.977644;17.808479;21.794226;23.478902
ASM-database-replay-time;IMSE_DONT_CATCH_IMSE;test-data/src/main/resources/vespucci_developer_changes;1310512990503;1;0;0;0;0;5;5;0;13.698667;14.81796;17.11692;20.920344;24.674868
ASM-database-replay-time;IMSE_DONT_CATCH_IMSE;test-data/src/main/resources/vespucci_developer_changes;1310513025884;1;0;0;0;0;5;5;0;14.20398;14.830639;16.974744;20.118606;23.778044
ASM-database-replay-time;IMSE_DONT_CATCH_IMSE;test-data/src/main/resources/vespucci_developer_changes;1310513543475;1;0;0;0;0;5;5;0;14.132741;14.711103;17.056548;20.68912;23.714956
ASM-database-replay-time;IMSE_DONT_CATCH_IMSE;test-data/src/main/resources/vespucci_developer_changes;1310513852354;1;0;0;0;0;5;5;0;14.365474;14.711405;18.63678;20.27195;26.039573
ASM-database-replay-time;IMSE_DONT_CATCH_IMSE;test-data/src/main/resources/vespucci_developer_changes;1310513964799;3;0;0;0;0;5;5;0;13.464122;15.456393;19.237177;20.655613;26.823803
ASM-database-replay-time;IMSE_DONT_CATCH_IMSE;test-data/src/main/resources/vespucci_developer_changes;1310514095715;3;0;0;0;0;5;5;0;17.950957;15.267429;20.163886;21.047125;24.250756
ASM-database-replay-time;IMSE_DONT_CATCH_IMSE;test-data/src/main/resources/vespucci_developer_changes;1310514194791;1;0;0;0;0;5;5;0;14.718952;14.714121;18.048457;20.130379;26.286795
ASM-database-replay-time;IMSE_DONT_CATCH_IMSE;test-data/src/main/resources/vespucci_developer_changes;1310514214119;1;0;0;0;0;5;5;0;13.222032;14.704462;17.560653;20.18743;23.802797
ASM-database-replay-time;IMSE_DONT_CATCH_IMSE;test-data/src/main/resources/vespucci_developer_changes;1310514223775;1;0;0;0;0;5;5;0;13.132682;15.233922;18.1366;21.45554;24.228116
ASM-database-replay-time;IMSE_DONT_CATCH_IMSE;test-data/src/main/resources/vespucci_developer_changes;1310514619361;4;0;0;0;0;5;5;0;13.906648;15.782098;18.359372;21.295253;25.400536
ASM-database-replay-time;IMSE_DONT_CATCH_IMSE;test-data/src/main/resources/vespucci_developer_changes;1310514919056;1;0;0;0;0;5;5;0;12.63733;14.659787;17.80546;19.849046;23.239528
ASM-database-replay-time;IMSE_DONT_CATCH_IMSE;test-data/src/main/resources/vespucci_developer_changes;1310515015062;1;0;0;0;0;5;5;0;12.580883;14.410753;17.71611;20.303344;23.530218
ASM-database-replay-time;IMSE_DONT_CATCH_IMSE;test-data/src/main/resources/vespucci_developer_changes;1310515205088;1;0;0;0;0;5;5;0;12.69076;14.510064;17.733316;19.889496;24.094393
ASM-database-replay-time;IMSE_DONT_CATCH_IMSE;test-data/src/main/resources/vespucci_developer_changes;1310515275869;1;0;0;0;0;5;5;0;12.581789;14.498292;18.858043;20.080271;23.577308
ASM-database-replay-time;IMSE_DONT_CATCH_IMSE;test-data/src/main/resources/vespucci_developer_changes;1310515284917;1;0;0;0;0;5;5;0;12.592354;14.475351;17.980237;19.799542;23.330387
ASM-database-replay-time;IMSE_DONT_CATCH_IMSE;test-data/src/main/resources/vespucci_developer_changes;1310563401980;1;0;0;0;0;5;5;0;12.60473;14.481086;17.444437;19.989109;23.471355
ASM-database-replay-time;IMSE_DONT_CATCH_IMSE;test-data/src/main/resources/vespucci_developer_changes;1310564478073;1;0;0;0;0;5;5;0;12.949453;17.150426;27.15132;20.578036;23.604476
ASM-database-replay-time;IMSE_DONT_CATCH_IMSE;test-data/src/main/resources/vespucci_developer_changes;1310564549724;1;0;0;0;0;5;5;0;12.511153;14.354305;18.136298;20.241161;23.71737
ASM-database-replay-time;IMSE_DONT_CATCH_IMSE;test-data/src/main/resources/vespucci_developer_changes;1310564820915;2;0;0;0;0;5;5;0;12.921079;16.32786;17.294715;20.738927;24.01108
ASM-database-replay-time;IMSE_DONT_CATCH_IMSE;test-data/src/main/resources/vespucci_developer_changes;1310564911957;30;0;0;0;0;5;5;0;18.97275;21.274727;22.920161;26.149751;30.12433
ASM-database-replay-time;IMSE_DONT_CATCH_IMSE;test-data/src/main/resources/vespucci_developer_changes;1310564927027;262;0;0;0;0;5;5;0;79.834786;83.311901;85.328622;88.308273;89.059601
ASM-database-replay-time;IMSE_DONT_CATCH_IMSE;test-data/src/main/resources/vespucci_developer_changes;1310564929211;89;0;0;0;0;5;5;0;33.9027;36.403905;38.972725;41.431669;46.860001
ASM-database-replay-time;IMSE_DONT_CATCH_IMSE;test-data/src/main/resources/vespucci_developer_changes;1310564942112;2;0;0;0;0;5;5;0;12.944322;14.848448;17.404893;20.985546;25.708132
ASM-database-replay-time;IMSE_DONT_CATCH_IMSE;test-data/src/main/resources/vespucci_developer_changes;1310564965855;1;0;0;0;0;5;5;0;12.984469;14.869579;18.16256;20.307571;26.180843
ASM-database-replay-time;IMSE_DONT_CATCH_IMSE;test-data/src/main/resources/vespucci_developer_changes;1310590282158;11;0;0;0;0;5;5;0;14.722574;16.686771;20.582262;23.350612;26.999787
ASM-database-replay-time;IMSE_DONT_CATCH_IMSE;test-data/src/main/resources/vespucci_developer_changes;1310590325856;8;0;0;0;0;5;5;0;15.358893;17.291696;19.819766;22.80304;28.598432
ASM-database-replay-time;IMSE_DONT_CATCH_IMSE;test-data/src/main/resources/vespucci_developer_changes;1310590386299;1;0;0;0;0;5;5;0;13.116985;15.060957;20.301231;20.47631;25.885926
ASM-database-replay-time;IMSE_DONT_CATCH_IMSE;test-data/src/main/resources/vespucci_developer_changes;1310590525355;1;0;0;0;0;5;5;0;13.077441;15.157855;17.550691;20.970151;25.552071
ASM-database-replay-time;IMSE_DONT_CATCH_IMSE;test-data/src/main/resources/vespucci_developer_changes;1310590629866;1;0;0;0;0;5;5;0;13.004391;19.106171;18.257041;21.391848;29.527252
ASM-database-replay-time;IMSE_DONT_CATCH_IMSE;test-data/src/main/resources/vespucci_developer_changes;1310591423390;1;0;0;0;0;5;5;0;12.968772;15.913106;17.498168;20.538191;27.225275
ASM-database-replay-time;IMSE_DONT_CATCH_IMSE;test-data/src/main/resources/vespucci_developer_changes;1310591609219;1;0;0;0;0;5;5;0;13.011636;14.945949;17.564275;20.365829;28.004072
ASM-database-replay-time;IMSE_DONT_CATCH_IMSE;test-data/src/main/resources/vespucci_developer_changes;1310591967750;1;0;0;0;0;5;5;0;13.169206;15.130989;18.529922;21.25903;28.095535
ASM-database-replay-time;IMSE_DONT_CATCH_IMSE;test-data/src/main/resources/vespucci_developer_changes;1310592001626;1;0;0;0;0;5;5;0;13.31591;14.990926;17.641551;21.113836;25.713263
ASM-database-replay-time;IMSE_DONT_CATCH_IMSE;test-data/src/main/resources/vespucci_developer_changes;1310592609642;1;0;0;0;0;5;5;0;13.219315;14.937196;17.973596;20.5071;27.667499
ASM-database-replay-time;IMSE_DONT_CATCH_IMSE;test-data/src/main/resources/vespucci_developer_changes;1310593198173;1;0;0;0;0;5;5;0;13.054198;14.963457;18.918112;20.474197;24.39112
ASM-database-replay-time;IMSE_DONT_CATCH_IMSE;test-data/src/main/resources/vespucci_developer_changes;1310593283215;1;0;0;0;0;5;5;0;13.298402;15.503785;17.578462;20.486875;24.549294
ASM-database-replay-time;IMSE_DONT_CATCH_IMSE;test-data/src/main/resources/vespucci_developer_changes;1310593733212;1;0;0;0;0;5;5;0;13.189733;14.96889;19.776902;21.084254;24.185856
ASM-database-replay-time;IMSE_DONT_CATCH_IMSE;test-data/src/main/resources/vespucci_developer_changes;1310741016368;1;0;0;0;0;5;5;0;13.188526;14.991228;17.837155;20.534568;25.038608
ASM-database-replay-time;IMSE_DONT_CATCH_IMSE;test-data/src/main/resources/vespucci_developer_changes;1310741074978;1;0;0;0;0;5;5;0;13.0545;15.034695;18.488568;21.151568;24.895526
ASM-database-replay-time;IMSE_DONT_CATCH_IMSE;test-data/src/main/resources/vespucci_developer_changes;1310741093978;1;0;0;0;0;5;5;0;13.094647;14.930253;17.615289;22.865826;24.781725
ASM-database-replay-time;IMSE_DONT_CATCH_IMSE;test-data/src/main/resources/vespucci_developer_changes;1310741582747;1;0;0;0;0;5;5;0;13.112457;14.983379;18.560108;22.5694;25.189537
ASM-database-replay-time;IMSE_DONT_CATCH_IMSE;test-data/src/main/resources/vespucci_developer_changes;1310742332319;1;0;0;0;0;5;5;0;13.106722;14.91697;17.54405;22.547364;24.200647
ASM-database-replay-time;IMSE_DONT_CATCH_IMSE;test-data/src/main/resources/vespucci_developer_changes;1310742570905;1;0;0;0;0;5;5;0;13.108532;15.921558;18.36722;22.312216;25.743147
ASM-database-replay-time;IMSE_DONT_CATCH_IMSE;test-data/src/main/resources/vespucci_developer_changes;1310742981795;3;0;0;0;0;5;5;0;13.605092;15.775156;18.874042;22.647884;25.592218
ASM-database-replay-time;IMSE_DONT_CATCH_IMSE;test-data/src/main/resources/vespucci_developer_changes;1310743040498;3;0;0;0;0;5;5;0;13.538682;15.425905;18.480115;21.147644;25.606706
ASM-database-replay-time;IMSE_DONT_CATCH_IMSE;test-data/src/main/resources/vespucci_developer_changes;1310743047706;3;0;0;0;0;5;5;0;13.550757;15.73682;18.999011;21.082141;27.154037
ASM-database-replay-time;IMSE_DONT_CATCH_IMSE;test-data/src/main/resources/vespucci_developer_changes;1310743575330;3;0;0;0;0;5;5;0;13.670896;15.913408;18.903322;22.423602;25.607311
ASM-database-replay-time;IMSE_DONT_CATCH_IMSE;test-data/src/main/resources/vespucci_developer_changes;1310744819167;3;0;0;0;0;5;5;0;13.610826;17.061679;18.057512;21.153379;24.752446
ASM-database-replay-time;IMSE_DONT_CATCH_IMSE;test-data/src/main/resources/vespucci_developer_changes;1310744880771;1;0;0;0;0;5;5;0;13.156227;18.676022;17.787047;21.130438;25.846685
ASM-database-replay-time;IMSE_DONT_CATCH_IMSE;test-data/src/main/resources/vespucci_developer_changes;1310744930286;1;0;0;0;0;5;5;0;13.130568;16.093919;18.298396;20.74919;25.831591
ASM-database-replay-time;IMSE_DONT_CATCH_IMSE;test-data/src/main/resources/vespucci_developer_changes;1310744943405;1;0;0;0;0;5;5;0;13.169207;19.967979;19.905193;21.930667;24.577367
ASM-database-replay-time;IMSE_DONT_CATCH_IMSE;test-data/src/main/resources/vespucci_developer_changes;1310745076676;3;0;0;0;0;5;5;0;13.583358;18.867099;33.724603;20.981018;25.623913
ASM-database-replay-time;IMSE_DONT_CATCH_IMSE;test-data/src/main/resources/vespucci_developer_changes;1310745191087;1;0;0;0;0;5;5;0;13.185808;20.544831;17.913525;20.617278;24.528164
ASM-database-replay-time;IMSE_DONT_CATCH_IMSE;test-data/src/main/resources/vespucci_developer_changes;1310745216203;1;0;0;0;0;5;5;0;13.153208;20.494723;19.484098;21.598622;25.025326
ASM-database-replay-time;IMSE_DONT_CATCH_IMSE;test-data/src/main/resources/vespucci_developer_changes;1310745241444;3;0;0;0;0;5;5;0;13.684781;18.336129;19.564091;21.345664;25.591312
ASM-database-replay-time;IMSE_DONT_CATCH_IMSE;test-data/src/main/resources/vespucci_developer_changes;1310752928923;1;0;0;0;0;5;5;0;13.191544;28.816072;20.680065;21.088782;25.492302
ASM-database-replay-time;IMSE_DONT_CATCH_IMSE;test-data/src/main/resources/vespucci_developer_changes;1310752982558;1;0;0;0;0;5;5;0;13.209354;21.880256;18.818802;21.820186;24.835154
ASM-database-replay-time;IMSE_DONT_CATCH_IMSE;test-data/src/main/resources/vespucci_developer_changes;1310753062595;1;0;0;0;0;5;5;0;13.357868;21.525572;22.131101;20.71659;27.185429
ASM-database-replay-time;IMSE_DONT_CATCH_IMSE;test-data/src/main/resources/vespucci_developer_changes;1310753069217;1;0;0;0;0;5;5;0;13.239841;23.92022;22.515971;20.626938;26.21948
ASM-database-replay-time;IMSE_DONT_CATCH_IMSE;test-data/src/main/resources/vespucci_developer_changes;1310753103141;1;0;0;0;0;5;5;0;13.327985;16.460377;20.705722;21.113836;24.733428
ASM-database-replay-time;IMSE_DONT_CATCH_IMSE;test-data/src/main/resources/vespucci_developer_changes;1310753157702;3;0;0;0;0;5;5;0;13.839938;20.549963;20.122832;21.506253;27.533473
ASM-database-replay-time;IMSE_DONT_CATCH_IMSE;test-data/src/main/resources/vespucci_developer_changes;1310753227127;55;0;0;0;0;5;5;0;26.818067;33.906021;32.382537;34.572525;41.978638
ASM-database-replay-time;IMSE_DONT_CATCH_IMSE;test-data/src/main/resources/vespucci_developer_changes;1310753231934;175;0;0;0;0;5;5;0;60.73918;63.854668;65.628996;67.456149;72.594998
ASM-database-replay-time;IMSE_DONT_CATCH_IMSE;test-data/src/main/resources/vespucci_developer_changes;1310754479154;5;0;0;0;0;5;5;0;14.837883;17.393121;20.911892;24.075074;28.828147
ASM-database-replay-time;IMSE_DONT_CATCH_IMSE;test-data/src/main/resources/vespucci_developer_changes;1310754881266;1;0;0;0;0;5;5;0;13.334625;16.116861;18.30715;21.33208;27.186335
ASM-database-replay-time;IMSE_DONT_CATCH_IMSE;test-data/src/main/resources/vespucci_developer_changes;1310755327778;1;0;0;0;0;5;5;0;13.301119;15.979213;18.456872;21.171491;26.590465
ASM-database-replay-time;IMSE_DONT_CATCH_IMSE;test-data/src/main/resources/vespucci_developer_changes;1310755511733;5;0;0;0;0;5;5;0;13.864992;16.287109;18.442081;21.226731;28.807621
ASM-database-replay-time;IMSE_DONT_CATCH_IMSE;test-data/src/main/resources/vespucci_developer_changes;1310755635152;4;0;0;0;0;5;5;0;13.475593;15.790551;18.57671;21.18115;35.781773
ASM-database-replay-time;IMSE_DONT_CATCH_IMSE;test-data/src/main/resources/vespucci_developer_changes;1310755643584;4;0;0;0;0;5;5;0;13.402242;16.147348;17.893603;21.134966;29.347948
ASM-database-replay-time;IMSE_DONT_CATCH_IMSE;test-data/src/main/resources/vespucci_developer_changes;1310755659680;5;0;0;0;0;5;5;0;13.563435;16.451924;18.32496;21.898066;35.417731
ASM-database-replay-time;IMSE_DONT_CATCH_IMSE;test-data/src/main/resources/vespucci_developer_changes;1310755724038;5;0;0;0;0;5;5;0;13.768699;16.326653;20.480536;21.300385;28.14836
ASM-database-replay-time;IMSE_DONT_CATCH_IMSE;test-data/src/main/resources/vespucci_developer_changes;1310755734886;1;0;0;0;0;5;5;0;13.277876;15.635999;18.136298;21.728421;26.156393
ASM-database-replay-time;IMSE_DONT_CATCH_IMSE;test-data/src/main/resources/vespucci_developer_changes;1310756035233;1;0;0;0;0;5;5;0;13.236521;15.497747;20.092647;21.821092;25.147881
ASM-database-replay-time;IMSE_DONT_CATCH_IMSE;test-data/src/main/resources/vespucci_developer_changes;1310756048899;1;0;0;0;0;5;5;0;13.271537;15.382739;19.427651;21.082744;27.71157
ASM-database-replay-time;IMSE_DONT_CATCH_IMSE;test-data/src/main/resources/vespucci_developer_changes;1310756069509;1;0;0;0;0;5;5;0;13.331607;15.419566;18.913585;21.286499;26.774297
ASM-database-replay-time;IMSE_DONT_CATCH_IMSE;test-data/src/main/resources/vespucci_developer_changes;1310756487982;1;0;0;0;0;5;5;0;13.229276;15.5062;20.072422;20.798997;25.171728
ASM-database-replay-time;IMSE_DONT_CATCH_IMSE;test-data/src/main/resources/vespucci_developer_changes;1310756630238;5;0;0;0;0;5;5;0;13.70893;15.881712;18.992974;22.093671;25.43676
ASM-database-replay-time;IMSE_DONT_CATCH_IMSE;test-data/src/main/resources/vespucci_developer_changes;1310756637220;3;0;0;0;0;5;5;0;13.848994;16.479998;19.58341;22.286257;26.086059
ASM-database-replay-time;IMSE_DONT_CATCH_IMSE;test-data/src/main/resources/vespucci_developer_changes;1310756647643;3;0;0;0;0;5;5;0;13.782282;21.115949;18.799784;21.583831;29.774475
ASM-database-replay-time;IMSE_DONT_CATCH_IMSE;test-data/src/main/resources/vespucci_developer_changes;1310756671006;3;0;0;0;0;5;5;0;13.75119;17.445947;18.592105;21.515309;28.817884
ASM-database-replay-time;IMSE_DONT_CATCH_IMSE;test-data/src/main/resources/vespucci_developer_changes;1310756846364;60;0;0;0;0;5;5;0;28.64039;31.594685;33.391954;36.051937;41.833142
ASM-database-replay-time;IMSE_DONT_CATCH_IMSE;test-data/src/main/resources/vespucci_developer_changes;1310756850128;175;0;0;0;0;5;5;0;59.273051;65.310535;64.790432;68.634908;73.489406
ASM-database-replay-time;IMSE_DONT_CATCH_IMSE;test-data/src/main/resources/vespucci_developer_changes;1310757466362;11;0;0;0;0;5;5;0;15.361307;17.541938;20.724438;22.990494;28.854408
ASM-database-replay-time;IMSE_DONT_CATCH_IMSE;test-data/src/main/resources/vespucci_developer_changes;1310757546682;1;0;0;0;0;5;5;0;13.21841;19.139979;19.024066;20.849407;25.739524
ASM-database-replay-time;IMSE_DONT_CATCH_IMSE;test-data/src/main/resources/vespucci_developer_changes;1310757574084;3;0;0;0;0;5;5;0;13.895177;20.237238;19.266157;22.001603;28.162547
ASM-database-replay-time;IMSE_DONT_CATCH_IMSE;test-data/src/main/resources/vespucci_developer_changes;1310757590826;1;0;0;0;0;5;5;0;13.4442;17.19178;18.244363;20.862387;25.663456
ASM-database-replay-time;IMSE_DONT_CATCH_IMSE;test-data/src/main/resources/vespucci_developer_changes;1310758297631;9;0;0;0;0;5;5;0;14.830941;17.969068;20.502571;22.435375;26.797843
ASM-database-replay-time;IMSE_DONT_CATCH_IMSE;test-data/src/main/resources/vespucci_developer_changes;1310758312496;155;0;0;0;0;5;5;0;53.036038;55.724999;60.998478;60.885582;64.849897
ASM-database-replay-time;IMSE_DONT_CATCH_IMSE;test-data/src/main/resources/vespucci_developer_changes;1310758321506;73;0;0;0;0;5;5;0;32.397631;34.696287;37.620094;40.006291;43.511781
